{"10 Water St, Waterville, ME 04901": [44.54626305, -69.63006647037652], "300 Main St, Lewiston, ME 04240": [44.102599999999995, -70.21469262327662], "33 Walker St, Ashland, ME 04732": [46.6281757, -68.3918719], "6 E Chestnut St, Augusta, ME 04330": [44.313371, -69.768956], "211 Main St, Waterville, ME 04901": [44.554127699999995, -69.63096960049702], "NaN": [46.3144754, 11.0480288], "103 Texas Ave, Bangor, ME 04401": [44.8072219, -68.80031203201223], "1012 Union St, Bangor, ME 04401": [44.814794199999994, -68.80890527536195], "360 Broadway, Bangor, ME 04401": [44.8135873, -68.771991], "10 Wayman Ln, Bar Harbor, ME 04609": [44.385222999999996, -68.20196723784701], "4, Clement Way #27, Belgrade, ME 04917": [44.5041002, -69.866242], "32 Railroad St, Bethel, ME 04217": [44.4102242, -70.7912353], "237 Main St, Bingham, ME 04920": [45.05288505, -69.88167459515671], "263 Main St, Bingham, ME 04920": [45.055031299999996, -69.88222402107249], "10 Hospital Dr, Bridgton, ME 04009": [44.046237649999995, -70.71458409451026], "180 Main Rd, Brownville, ME 04414": [45.3033845, -69.0338848], "Buckfield, ME 04220": [44.289944, -70.365372], "110 Broadway, Bucksport, ME 04416": [44.576206049999996, -68.78048061092812], "174 Portland Rd, Buxton, ME 04093": [43.614990997609404, -70.51496745222349], "118 Bennett Dr, Caribou, ME 04736": [46.869543300000004, -68.0050074138002], "163 Van Buren Rd, Caribou, ME 04736": [46.8795868, -68.00834916885547], "12 W 72nd St, New York, NY 10023": [40.77641975, -73.97714560006806], "102 Court St, Castine, ME 04421": [44.3915429, -68.7969418], "1309 Main St, Clinton, ME 04927": [44.6374046, -69.4948569], "47 Main St, Coopers Mills, ME 04341": [44.2559891, -69.546834], "201 Houlton Rd, Danforth, ME 04424": [45.6666714, -67.8621537], "12 Bolduc Ave, Fort Kent, ME 04743": [47.2646909, -68.5896854], "30 Boynton St, Eastport, ME 04631": [44.905248, -66.988254], "4 Sheridan Dr, Fairfield, ME 04937": [44.594442099999995, -69.62109569647205], "23 High St, Fort Fairfield, ME 04742": [46.773325650000004, -67.83791463424018], "194 E Main St, Fort Kent, ME 04743": [47.265346300000004, -68.59248369199733], "5 Central Maine Crossing, Gardiner, ME 04345": [44.1832831, -69.8263732], "50 E Main St, Harrington, ME 04643": [44.61982977490068, -67.8063795279425], "20 Hartford St, Houlton, ME 04730": [46.13356595, -67.84387291052178], "59 Bangor St, Houlton, ME 04730": [46.1230148, -67.8465621], "24 Washington Ave, Scarborough, ME 04074": [43.5719279, -70.3580719], "25 Depot Street Kingfield, Maine 04947": [44.958012999999994, -70.15718105], "57 Birch St, Lewiston, ME 04240": [44.092727550000006, -70.21134612253194], "93 Campus Ave, Lewiston, ME 04240": [44.102128199999996, -70.1988231135621], "192 Russell St, Lewiston, ME 04240": [44.1041298, -70.1928388], "175 W Broadway, Lincoln, ME 04457": [45.360617000000005, -68.52237555892602], "7 Transalpine Rd, Lincoln, ME 04457": [45.34757035, -68.51754633885645], "43 S Lubec Rd, Lubec, ME 04652": [44.8459931, -66.9992913], "10 Carter St, Eagle Lake, ME 04739": [47.0363853, -68.5949992], "18 Main St, Madison, ME 04950": [44.798355900000004, -69.88563337616], "40 Main St, Milbridge, ME 04658": [44.5365399, -67.8804083], "50 Summer St, Millinocket, ME 04462": [45.65563365, -68.70840586437355], "200 Somerset St, Millinocket, ME 04462": [45.6529691, -68.7161549758156], "11 Academy Rd, Monmouth, ME 04259": [44.264633, -70.03027], "8 Main St A, Newport, ME 04953": [44.837753, -69.289354], "2 Scarborough Downs Rd, Scarborough, ME 04074": [43.587257, -70.351287], "8 Pikes Hill, Norway, ME 04268": [44.2125283, -70.5434053], "9 Pleasant St, Oakland, ME 04963": [44.5485404, -69.7135116], "30 Houlton St, Patten, ME 04765": [45.995444, -68.44603477239016], "470 Somerset Ave, Pittsfield, ME 04967": [44.7849095, -69.39863], "447 N Main St, Pittsfield, ME 04967": [44.79036925, -69.37107115517092], "70 Main St, Porter, ME 04068": [43.8105631, -70.8857289], "180 Park Ave, Portland, ME 04102": [43.6559817, -70.2742723], "331 Veranda St, Portland, ME 04103": [43.68836145, -70.24629502153935], "43 Baxter Blvd, Portland, ME 04101": [43.664071750000005, -70.27034472710369], "103 India St, Portland, ME 04101": [43.6618217, -70.2517861], "133 Corporate Dr, Bangor, ME 04401": [44.8028299, -68.8057853], "136 Mill St, Princeton, ME 04668": [45.23039, -67.5634737], "42 Dallas Hill Rd, Rangeley, ME 04970": [44.9543769, -70.6349777], "24 Gardiner St, Richmond, ME 04357": [44.0861109, -69.80574562035197], "420 Franklin St, Rumford, ME 04276": [44.55176545, -70.55629121139228], "15 Oak St, Springvale, ME 04083": [43.4652352, -70.7983432], "46 Fairview Ave, Skowhegan, ME 04976": [44.7586092, -69.71267138696012], "100 Foden Rd, South Portland, ME 04106": [43.6362803, -70.3273437], "15 Medical Center Loop, Vinalhaven, ME 04863": [44.0464825, -68.8306797], "174 Kennedy Memorial Dr, Waterville, ME 04901": [44.5416818, -69.660118], "149 North St, Waterville, ME 04901": [44.5651689, -69.64645228623513], "426 Bridge St, Westbrook, ME 04092": [43.691550250000006, -70.36045891012748], "144 State St, Portland, ME 04101": [43.651276499999994, -70.26479941966662], "149 Main St, Winthrop, ME 04364": [44.307042125, -69.96968695000001], "95 Spring St, Auburn, ME 04210": [44.096157500000004, -70.23007514796726], "29 Whitten Rd, Augusta, ME 04330": [44.31332835, -69.8122711730915], "118 Cony St, Augusta, ME 04330": [44.31567525, -69.76423892626813], "93 Lincolnville Ave, Belfast, ME 04915": [44.42042515, -69.0182244065381], "299 Elm St, Biddeford, ME 04005": [43.4881035, -70.4656508], "109 Portland Rd, Bridgton, ME 04009": [44.045732349999994, -70.70289892420169], "35 Elm St, Brunswick, ME 04011": [43.91190375, -69.96672553653039], "21 Hannaford Drive, Buxton, ME 04093": [43.6157416, -70.5237601], "145 Elm St, Camden, ME 04843": [44.201094499999996, -69.07894956901544], "33 Hannaford Dr, China, ME 04358": [44.3948936, -69.56762339256481], "469 Main St, Damariscotta, ME 04543": [44.035395550000004, -69.51047555721743], "131 Hannaford Dr, Farmington, ME 04938": [44.65088405, -70.15132429357323], "99 Main St, Gorham, ME 04038": [43.679601250000005, -70.43829725238801], "130 Shaker Rd, Gray, ME 04039": [43.90303865, -70.34342500709096], "15 Jay Plaza Ln, Jay, ME 04239": [44.5056074, -70.2146588], "692 Sabattus St, Lewiston, ME 04240": [44.1039652, -70.17895674234703], "22 Goding Ave, Lincoln, ME 04457": [45.3609867, -68.5162337], "50 Pigeon Hill Rd, Mechanic Falls, ME 04256": [44.0781879, -70.415454], "500 Stillwater Ave, Old Town, ME 04468": [44.927205, -68.6662423], "1603 Main St, Oxford, ME 04270": [44.19608325, -70.52477205760673], "295 Forest Ave, Portland, ME 04101": [43.6635966, -70.26853990826363], "787 Riverside St, Portland, ME 04103": [43.70176735, -70.31945811234985], "75 Maverick St, Rockland, ME 04841": [44.11759085, -69.10557846752539], "520 Waldo St, Rumford, ME 04276": [44.55518815, -70.55022978325064], "532 Main St, Saco, ME 04072": [43.5116371, -70.4353964], "100 Fairgrounds Marketplace, Skowhegan, ME 04976": [44.7808744, -69.7279644], "415 Philbrook Ave, South Portland, ME 04106": [43.6339742, -70.33091224886525], "50 Cottage Rd, South Portland, ME 04106": [43.63798, -70.25033084828962], "71 Colonial Dr, Standish, ME 04084": [43.729515, -70.5441864], "23 Snell Hill Rd, Turner, ME 04282": [44.2507469, -70.2614321], "140 Elm Plaza, Waterville, ME 04901": [44.5687122, -69.6411274], "190 Jfk Plaza, Waterville, ME 04901": [44.5404322, -69.6519785], "107 Wells Plaza, Wells, ME 04090": [43.30196535, -70.58291398364193], "7 Hannaford Dr, Westbrook, ME 04092": [43.67600675, -70.3550814507055], "797 Roosevelt Trail, North Windham, ME 04062": [43.8398217, -70.440972], "\u00a0399 Main St, Winthrop, ME 04364": [44.3062727, -69.95923220356275], "5 Hannaford Dr, York, ME 03909": [43.1523672, -70.6688726033415], "161 Mt Vernon Ave, Augusta, ME 04330": [44.3294404, -69.7833892], "35 Medical Center Pkwy, Augusta, ME 04330": [44.3637461, -69.78032809979402]}